<?xml version="1.0" encoding="UTF-8" standalone="yes"?>
<addon id="plugin.video.aussiehulk" name="Aussiehulk" version="4.0.1" provider-name="Mr Hulk">
  <requires>
    <import addon="xbmc.python" version="2.1.0"/>
  </requires>
  <extension point="xbmc.python.pluginsource" library="default.py">
        <provides>video executable</provides>
  </extension>
  <extension point="xbmc.addon.metadata">
    <summary lang="en">My Kodi Build Wizard</summary>
    <description lang="en">My Kodi Build Wizard</description>
    <platform>all</platform>
  </extension>
</addon>
